,itemID,size,color,manufacturerID,price,customerID,salutation,state,deliveryTime,ageOfAccountUntilTimeOfOrder,age,returnShipment
0,1711.0,94.0,69.0,4.0,89.9,17491.0,3.0,9.0,43,0,46,0
1,1691.0,92.0,70.0,2.0,21.9,17454.0,3.0,1.0,3,0,63,0
2,1666.0,57.0,73.0,0.0,89.9,17511.0,3.0,9.0,2,5,54,0
3,1678.0,97.0,78.0,36.0,29.9,17519.0,3.0,7.0,-1,11,64,0
4,1807.0,94.0,60.0,4.0,79.9,17094.0,3.0,14.0,4,0,63,0
5,1694.0,57.0,19.0,16.0,109.9,17511.0,3.0,9.0,-1,0,54,0
6,107.0,97.0,47.0,45.0,39.9,4376.0,3.0,0.0,2,451,42,0
7,1752.0,100.0,78.0,13.0,49.9,17801.0,3.0,6.0,-1,0,36,0
8,1819.0,92.0,68.0,1.0,49.9,17083.0,3.0,10.0,-1,0,33,0
9,1791.0,92.0,17.0,4.0,79.9,17184.0,3.0,1.0,3,0,57,0
10,1787.0,89.0,19.0,2.0,49.9,18367.0,3.0,6.0,-1,0,52,0
11,1854.0,89.0,39.0,4.0,59.9,18598.0,3.0,0.0,3,0,61,0
12,1744.0,96.0,46.0,2.0,34.9,17179.0,3.0,15.0,28,0,54,0
13,162.0,57.0,17.0,46.0,89.9,4473.0,3.0,1.0,2,438,59,0
14,1810.0,92.0,51.0,4.0,69.9,18639.0,3.0,0.0,26,0,68,0
15,1783.0,94.0,47.0,10.0,99.9,17168.0,3.0,6.0,-1,6,48,0
16,1189.0,98.0,76.0,41.0,99.9,14758.0,3.0,9.0,-1,0,59,0
17,1199.0,98.0,21.0,41.0,99.9,14734.0,3.0,7.0,34,0,53,0
18,1884.0,99.0,19.0,76.0,49.9,18442.0,3.0,9.0,33,13,64,0
19,1720.0,90.0,46.0,2.0,44.9,17558.0,3.0,10.0,-1,0,59,0
20,1773.0,100.0,46.0,4.0,69.9,18634.0,3.0,2.0,21,1,-1,0
21,1815.0,90.0,17.0,45.0,39.9,18372.0,3.0,0.0,4,0,-1,0
22,1826.0,92.0,71.0,41.0,89.9,18621.0,3.0,10.0,2,0,63,0
23,163.0,66.0,78.0,5.0,69.9,4505.0,3.0,6.0,-1,438,69,0
24,1731.0,89.0,71.0,13.0,79.9,17184.0,3.0,1.0,4,26,57,0
25,1807.0,91.0,60.0,4.0,79.9,17767.0,3.0,12.0,5,0,52,0
26,32.0,97.0,78.0,4.0,59.9,517.0,3.0,7.0,3,0,65,0
27,83.0,102.0,71.0,4.0,59.9,4038.0,3.0,7.0,26,9,58,0
28,1693.0,91.0,46.0,2.0,16.9,17520.0,3.0,0.0,2,0,-1,0
29,137.0,102.0,70.0,2.0,49.9,4445.0,3.0,3.0,2,438,61,0
30,95.0,100.0,66.0,2.0,16.9,4108.0,3.0,7.0,5,0,45,0
31,1754.0,90.0,46.0,4.0,69.9,18633.0,3.0,6.0,22,0,-1,0
32,238.0,50.0,17.0,39.0,49.9,2867.0,3.0,14.0,-1,447,34,0
33,1179.0,50.0,47.0,49.0,89.9,14792.0,3.0,12.0,3,0,57,0
34,1681.0,89.0,78.0,2.0,26.9,17105.0,3.0,7.0,11,0,64,0
35,68.0,97.0,39.0,4.0,54.9,4059.0,3.0,6.0,5,0,56,0
36,95.0,102.0,78.0,2.0,16.9,4387.0,3.0,7.0,6,499,58,0
37,1734.0,92.0,46.0,4.0,59.9,17777.0,3.0,1.0,40,0,64,0
38,1774.0,90.0,71.0,2.0,59.9,17727.0,3.0,9.0,-1,0,57,0
39,1722.0,89.0,69.0,28.0,59.9,17768.0,3.0,7.0,5,0,59,0
40,1189.0,98.0,76.0,41.0,99.9,14776.0,3.0,12.0,-1,0,-1,0
41,31.0,96.0,46.0,2.0,21.9,562.0,3.0,1.0,3,11,77,0
42,1725.0,77.0,71.0,3.0,89.95,17827.0,3.0,10.0,8,13,-1,0
43,1742.0,92.0,41.0,2.0,59.9,17464.0,3.0,1.0,82,0,53,0
44,31.0,100.0,66.0,2.0,21.9,522.0,3.0,7.0,4,0,56,0
45,1752.0,92.0,50.0,13.0,49.9,18667.0,3.0,3.0,13,0,57,0
46,1759.0,54.0,19.0,13.0,69.9,17022.0,3.0,4.0,2,0,51,0
47,1747.0,94.0,17.0,45.0,34.9,17224.0,3.0,10.0,2,0,62,0
48,99.0,50.0,68.0,42.0,119.9,4437.0,3.0,9.0,2,438,58,0
49,1693.0,90.0,19.0,2.0,16.9,17443.0,3.0,1.0,2,29,49,0
50,1904.0,90.0,61.0,30.0,89.9,18606.0,3.0,1.0,1,14,63,0
51,1806.0,90.0,69.0,13.0,79.9,18701.0,3.0,6.0,25,0,56,0
52,1787.0,91.0,71.0,2.0,49.9,17837.0,3.0,9.0,4,0,56,0
53,83.0,100.0,46.0,4.0,59.9,3986.0,3.0,10.0,-1,0,60,0
54,1833.0,94.0,17.0,2.0,34.9,18607.0,3.0,10.0,-1,0,39,0
55,1722.0,94.0,73.0,28.0,59.9,17841.0,3.0,10.0,19,0,60,0
56,107.0,102.0,78.0,45.0,39.9,4054.0,3.0,9.0,6,0,48,0
57,81.0,100.0,46.0,4.0,69.9,4501.0,3.0,14.0,2,431,64,0
58,1734.0,92.0,70.0,4.0,59.9,17747.0,3.0,0.0,5,0,-1,0
59,153.0,59.0,21.0,33.0,29.9,844.0,3.0,7.0,3,431,73,0
60,1681.0,90.0,46.0,2.0,29.9,17549.0,3.0,1.0,7,0,-1,0
61,51.0,57.0,21.0,17.0,79.9,3658.0,3.0,7.0,4,485,48,0
62,1787.0,92.0,19.0,2.0,49.9,17782.0,3.0,9.0,4,0,50,0
63,1168.0,59.0,3.0,8.0,69.9,14829.0,3.0,0.0,-1,0,45,0
64,261.0,100.0,46.0,4.0,59.9,2826.0,3.0,7.0,26,424,64,0
65,137.0,100.0,71.0,2.0,49.9,780.0,3.0,10.0,3,415,52,0
66,1842.0,97.0,70.0,4.0,69.9,17111.0,3.0,1.0,3,10,46,0
67,1711.0,89.0,46.0,4.0,89.9,17218.0,3.0,0.0,20,0,65,0
68,1786.0,89.0,68.0,48.0,89.9,17161.0,3.0,14.0,-1,0,51,0
69,1763.0,89.0,47.0,45.0,39.9,17746.0,3.0,7.0,5,0,40,0
70,1719.0,92.0,46.0,28.0,89.9,17461.0,3.0,10.0,44,0,-1,0
71,163.0,59.0,78.0,5.0,69.9,4033.0,3.0,8.0,5,0,74,0
72,1733.0,89.0,46.0,27.0,99.9,16944.0,3.0,0.0,44,710,51,0
73,1767.0,92.0,65.0,10.0,79.9,17476.0,2.0,7.0,57,0,62,0
74,70.0,80.0,32.0,20.0,69.95,4002.0,3.0,9.0,3,0,58,0
75,68.0,96.0,39.0,4.0,59.9,4434.0,3.0,13.0,3,448,-1,0
76,1807.0,94.0,63.0,4.0,79.9,17856.0,3.0,7.0,4,0,50,0
77,1846.0,92.0,46.0,2.0,29.9,18384.0,3.0,7.0,4,0,-1,0
78,1810.0,91.0,71.0,4.0,69.9,18578.0,3.0,0.0,2,0,50,0
79,86.0,97.0,71.0,4.0,79.9,484.0,3.0,0.0,-1,42,65,0
80,1806.0,92.0,78.0,13.0,79.9,17039.0,3.0,9.0,27,48,57,0
81,1078.0,89.0,21.0,10.0,69.9,14072.0,3.0,9.0,45,28,64,0
82,296.0,57.0,46.0,37.0,99.9,4803.0,3.0,9.0,-1,0,48,0
83,1759.0,63.0,19.0,13.0,69.9,17467.0,3.0,7.0,23,0,44,0
84,181.0,96.0,69.0,13.0,19.9,2901.0,3.0,0.0,-1,411,69,0
85,67.0,96.0,78.0,2.0,19.9,541.0,3.0,0.0,4,0,48,0
86,1756.0,89.0,71.0,36.0,34.9,18673.0,3.0,6.0,13,0,-1,0
87,1752.0,97.0,17.0,13.0,49.9,17768.0,3.0,7.0,1,14,59,0
88,205.0,100.0,8.0,2.0,39.9,6190.0,3.0,9.0,3,37,50,0
89,1673.0,102.0,78.0,2.0,21.9,17039.0,3.0,9.0,4,21,57,0
90,1904.0,92.0,56.0,30.0,89.9,18575.0,3.0,5.0,2,0,58,0
91,176.0,54.0,69.0,16.0,109.9,791.0,3.0,10.0,15,413,67,0
92,1109.0,98.0,3.0,27.0,119.9,14203.0,3.0,6.0,38,0,54,0
93,184.0,96.0,78.0,2.0,24.9,6282.0,3.0,7.0,3,68,59,0
94,1805.0,54.0,26.0,37.0,99.9,18462.0,3.0,1.0,2,0,68,0
95,1786.0,98.0,46.0,48.0,89.9,17273.0,3.0,3.0,-1,5,56,0
96,1742.0,89.0,41.0,2.0,59.9,17728.0,3.0,6.0,-1,0,55,0
97,1819.0,89.0,78.0,1.0,49.9,17728.0,3.0,6.0,2,0,55,0
98,1791.0,90.0,46.0,4.0,74.9,18592.0,3.0,14.0,-1,0,46,0
99,1927.0,90.0,68.0,13.0,49.9,18607.0,3.0,10.0,-1,0,39,0
100,177.0,98.0,21.0,4.0,79.9,768.0,3.0,0.0,1,447,52,0
101,1777.0,90.0,63.0,35.0,99.9,18701.0,3.0,6.0,25,0,56,0
102,1045.0,97.0,15.0,27.0,79.9,14189.0,3.0,7.0,5,0,56,0
103,1800.0,92.0,63.0,4.0,79.9,17242.0,3.0,12.0,34,27,44,0
104,1153.0,102.0,19.0,35.0,99.9,14151.0,3.0,14.0,3,1,50,0
105,117.0,96.0,16.0,5.0,49.9,6218.0,3.0,1.0,2,116,64,0
106,81.0,100.0,46.0,4.0,69.9,4320.0,3.0,3.0,1,505,57,0
107,2074.0,44.0,17.0,42.0,99.9,18524.0,3.0,0.0,-1,0,38,0
108,1882.0,54.0,17.0,23.0,99.9,18646.0,3.0,9.0,42,0,57,0
109,1794.0,59.0,79.0,3.0,69.95,18702.0,3.0,7.0,34,0,-1,0
110,85.0,97.0,71.0,4.0,79.9,2578.0,3.0,0.0,-1,422,57,0
111,1738.0,92.0,17.0,19.0,59.9,18369.0,3.0,6.0,4,0,48,0
112,1748.0,89.0,71.0,2.0,49.9,19051.0,3.0,0.0,-1,0,-1,0
113,1927.0,89.0,70.0,13.0,49.9,18595.0,3.0,9.0,10,5,47,0
114,1153.0,90.0,71.0,35.0,99.9,14736.0,3.0,0.0,35,24,60,0
115,1805.0,61.0,17.0,37.0,99.9,18327.0,3.0,1.0,4,0,60,0
116,1735.0,92.0,61.0,10.0,89.9,17242.0,3.0,12.0,-1,15,44,0
117,1833.0,90.0,46.0,2.0,39.9,17144.0,3.0,9.0,-1,19,58,0
118,1777.0,92.0,7.0,35.0,99.9,18336.0,3.0,9.0,28,0,52,0
119,61.0,99.0,46.0,4.0,14.9,4439.0,3.0,7.0,15,377,58,0
120,1189.0,96.0,76.0,41.0,99.9,14720.0,3.0,1.0,-1,1,-1,0
121,1156.0,46.0,68.0,42.0,119.9,14766.0,3.0,0.0,40,0,63,0
122,1819.0,91.0,47.0,1.0,49.9,17198.0,3.0,14.0,2,0,45,0
123,71.0,54.0,47.0,0.0,119.9,3684.0,3.0,1.0,-1,431,56,0
124,1882.0,50.0,46.0,23.0,99.9,18446.0,3.0,1.0,58,2,74,0
125,1783.0,94.0,47.0,10.0,99.9,18410.0,3.0,0.0,-1,0,56,0
126,121.0,57.0,46.0,0.0,79.9,4546.0,3.0,10.0,-1,438,60,0
127,1754.0,89.0,17.0,4.0,59.9,19090.0,2.0,7.0,-1,0,35,0
128,1229.0,98.0,17.0,19.0,79.9,14732.0,3.0,1.0,-1,1,-1,0
129,136.0,96.0,19.0,45.0,19.9,2831.0,3.0,2.0,4,481,57,0
130,1833.0,90.0,46.0,2.0,34.9,17252.0,3.0,0.0,-1,0,46,0
131,1833.0,92.0,78.0,2.0,34.9,18377.0,3.0,9.0,38,0,53,0
132,140.0,100.0,47.0,48.0,49.9,4404.0,3.0,14.0,5,497,46,0
133,1203.0,96.0,16.0,28.0,89.9,14933.0,3.0,0.0,-1,0,56,0
134,136.0,100.0,19.0,45.0,39.9,4543.0,3.0,3.0,1,439,63,0
135,67.0,97.0,17.0,2.0,19.9,4208.0,3.0,1.0,5,0,53,0
136,1719.0,94.0,46.0,28.0,89.9,16995.0,2.0,1.0,-1,0,69,0
137,43.0,99.0,67.0,0.0,7.45,4317.0,3.0,9.0,3,500,65,0
138,1756.0,90.0,46.0,36.0,34.9,17252.0,3.0,0.0,5,0,46,0
139,1125.0,96.0,17.0,36.0,69.9,14632.0,3.0,0.0,21,0,56,0
140,121.0,54.0,21.0,0.0,59.9,816.0,3.0,5.0,4,513,62,0
141,1777.0,90.0,7.0,35.0,99.9,17292.0,2.0,9.0,-1,0,58,0
142,67.0,102.0,70.0,2.0,19.9,4486.0,3.0,6.0,2,438,52,0
143,83.0,102.0,47.0,4.0,69.9,4135.0,3.0,1.0,-1,62,67,0
144,1802.0,92.0,51.0,8.0,69.9,17863.0,3.0,9.0,-1,0,71,0
145,1678.0,90.0,71.0,36.0,29.9,17091.0,3.0,9.0,47,0,43,0
146,1774.0,89.0,71.0,2.0,59.9,18333.0,3.0,1.0,-1,8,-1,0
147,1738.0,96.0,46.0,19.0,59.9,17425.0,3.0,0.0,-1,22,39,0
148,1784.0,92.0,73.0,10.0,49.9,19098.0,3.0,9.0,55,0,52,0
149,170.0,97.0,46.0,2.0,16.9,2797.0,3.0,7.0,3,401,52,0
150,1882.0,46.0,71.0,23.0,99.9,18672.0,3.0,9.0,-1,0,-1,0
151,1761.0,89.0,63.0,27.0,129.9,17798.0,3.0,9.0,4,0,82,0
152,1950.0,91.0,13.0,47.0,99.95,18563.0,3.0,7.0,-1,0,73,0
153,1688.0,94.0,65.0,4.0,69.9,17203.0,3.0,7.0,2,0,52,0
154,1854.0,90.0,46.0,4.0,54.9,17262.0,3.0,3.0,28,32,51,0
155,1787.0,92.0,19.0,2.0,49.9,17832.0,3.0,7.0,41,0,73,0
156,623.0,46.0,21.0,16.0,59.9,9323.0,3.0,10.0,82,0,63,0
157,1762.0,89.0,17.0,45.0,29.9,17489.0,3.0,7.0,50,0,48,0
158,37.0,100.0,78.0,24.0,49.9,4480.0,3.0,7.0,2,438,56,0
159,163.0,59.0,19.0,5.0,69.9,2901.0,3.0,0.0,-1,359,69,0
160,50.0,102.0,78.0,4.0,69.9,4014.0,3.0,4.0,14,0,65,0
161,1041.0,96.0,71.0,48.0,199.9,12682.0,3.0,14.0,9,0,54,0
162,139.0,97.0,19.0,24.0,69.9,2797.0,3.0,7.0,3,401,52,0
163,155.0,61.0,21.0,53.0,59.9,3692.0,3.0,7.0,4,431,61,0
164,1096.0,100.0,47.0,27.0,159.9,12680.0,3.0,9.0,19,53,56,0
165,133.0,102.0,19.0,32.0,14.9,3650.0,3.0,9.0,2,458,63,0
166,1732.0,99.0,73.0,31.0,39.9,19094.0,3.0,1.0,3,0,50,0
167,1688.0,94.0,65.0,4.0,69.9,17817.0,3.0,9.0,-1,0,69,0
168,1935.0,44.0,17.0,39.0,119.9,18476.0,3.0,9.0,3,0,68,0
169,1683.0,92.0,75.0,2.0,39.9,17586.0,3.0,0.0,2,33,49,0
170,1856.0,91.0,46.0,2.0,34.9,18707.0,3.0,12.0,13,0,32,0
171,115.0,96.0,68.0,4.0,99.9,3889.0,3.0,9.0,3,8,54,0
172,1760.0,89.0,63.0,27.0,89.9,18409.0,3.0,0.0,4,0,42,0
173,1879.0,92.0,71.0,41.0,99.9,18579.0,3.0,9.0,2,0,-1,0
174,31.0,96.0,18.0,2.0,21.9,4455.0,3.0,12.0,2,438,54,0
175,1970.0,54.0,17.0,46.0,89.9,18624.0,3.0,1.0,2,0,69,0
176,1819.0,89.0,68.0,1.0,49.9,18470.0,3.0,6.0,3,0,70,0
177,1852.0,89.0,17.0,2.0,49.9,17084.0,3.0,10.0,-1,0,49,0
178,1923.0,94.0,73.0,28.0,89.9,18451.0,3.0,7.0,3,0,52,0
179,1741.0,90.0,47.0,45.0,49.9,18335.0,3.0,7.0,4,0,49,0
180,1235.0,46.0,60.0,42.0,99.9,14869.0,3.0,1.0,10,0,61,0
181,5.0,69.0,65.0,5.0,39.9,4426.0,3.0,5.0,2,501,59,0
182,1777.0,97.0,7.0,35.0,99.9,18431.0,3.0,9.0,1,19,64,0
183,1930.0,94.0,65.0,4.0,79.9,18618.0,3.0,10.0,51,0,57,0
184,1996.0,89.0,17.0,19.0,119.9,18550.0,3.0,8.0,1,0,56,0
185,2018.0,69.0,78.0,104.0,59.9,18613.0,3.0,2.0,-1,0,63,0
186,1681.0,94.0,46.0,2.0,26.9,17170.0,3.0,1.0,2,38,54,0
187,1788.0,99.0,17.0,40.0,29.9,18488.0,3.0,0.0,31,0,50,0
188,1788.0,99.0,17.0,40.0,29.9,18488.0,3.0,0.0,31,0,50,0
189,1891.0,89.0,45.0,1.0,39.9,18567.0,3.0,9.0,3,0,-1,0
190,1768.0,59.0,46.0,5.0,79.9,18595.0,3.0,9.0,-1,0,47,0
191,231.0,99.0,19.0,28.0,9.9,2901.0,3.0,0.0,13,420,69,0
192,1744.0,92.0,17.0,2.0,34.9,18617.0,3.0,0.0,-1,0,52,0
193,1734.0,90.0,17.0,4.0,59.9,18721.0,3.0,9.0,4,0,68,0
194,1754.0,94.0,70.0,4.0,59.9,16854.0,3.0,1.0,2,707,59,0
195,1789.0,92.0,78.0,4.0,59.9,18331.0,3.0,9.0,33,0,60,0
196,68.0,97.0,71.0,4.0,54.9,4194.0,3.0,7.0,-1,0,50,0
197,1744.0,90.0,17.0,2.0,34.9,17822.0,3.0,1.0,43,18,59,0
198,1762.0,94.0,17.0,45.0,24.9,17508.0,3.0,1.0,3,0,57,0
199,1748.0,89.0,71.0,2.0,49.9,17204.0,3.0,7.0,2,0,-1,0
200,170.0,102.0,56.0,2.0,19.9,875.0,3.0,0.0,1,468,54,0
201,1025.0,46.0,8.0,16.0,129.9,14125.0,3.0,12.0,-1,0,50,0
202,1927.0,92.0,63.0,13.0,49.9,18487.0,3.0,6.0,3,0,59,0
203,1849.0,90.0,47.0,30.0,89.9,17129.0,3.0,15.0,9,3,54,0
204,1756.0,90.0,78.0,36.0,34.9,18389.0,3.0,1.0,18,0,61,0
205,1744.0,92.0,46.0,2.0,34.9,17720.0,3.0,10.0,44,0,46,0
206,1807.0,89.0,16.0,4.0,79.9,18574.0,3.0,9.0,23,0,66,0
207,1681.0,94.0,46.0,2.0,26.9,17402.0,3.0,7.0,-1,0,40,0
208,109.0,46.0,47.0,0.0,89.9,3877.0,3.0,1.0,30,0,61,0
209,1810.0,92.0,46.0,4.0,64.9,19054.0,3.0,1.0,2,0,48,0
210,1861.0,80.0,5.0,20.0,79.95,17770.0,3.0,1.0,21,0,61,0
211,1681.0,92.0,46.0,2.0,29.9,17201.0,3.0,1.0,6,0,55,0
212,133.0,96.0,19.0,32.0,14.9,4160.0,3.0,0.0,16,39,59,0
213,1711.0,89.0,46.0,4.0,89.9,17220.0,3.0,9.0,58,28,62,0
214,74.0,96.0,19.0,35.0,39.9,568.0,3.0,7.0,3,0,56,0
215,1807.0,90.0,78.0,4.0,79.9,17880.0,3.0,1.0,34,0,46,0
216,90.0,98.0,15.0,2.0,49.9,6244.0,3.0,6.0,-1,0,56,0
217,72.0,97.0,71.0,34.0,79.9,3710.0,3.0,13.0,2,521,41,0
218,1828.0,89.0,63.0,35.0,99.9,17280.0,3.0,1.0,19,0,59,0
219,1800.0,90.0,63.0,4.0,79.9,18463.0,3.0,9.0,30,0,60,0
220,1882.0,41.0,71.0,23.0,99.9,18491.0,3.0,0.0,64,0,43,0
221,177.0,96.0,21.0,4.0,49.9,6179.0,3.0,10.0,13,0,58,0
222,1789.0,92.0,17.0,4.0,59.9,19082.0,3.0,0.0,9,0,59,0
223,124.0,100.0,21.0,1.0,24.9,6192.0,3.0,0.0,2,0,51,0
224,1773.0,94.0,60.0,4.0,69.9,18752.0,3.0,7.0,47,0,63,0
225,323.0,54.0,17.0,39.0,99.9,4780.0,3.0,6.0,-1,0,42,0
226,1171.0,54.0,47.0,5.0,59.9,14910.0,3.0,0.0,3,0,53,0
227,1703.0,90.0,17.0,19.0,69.9,19069.0,3.0,0.0,3,0,-1,0
228,270.0,99.0,17.0,26.0,4.95,2779.0,3.0,1.0,9,424,59,0
229,206.0,100.0,8.0,48.0,89.9,2907.0,3.0,7.0,-1,425,51,0
230,61.0,99.0,19.0,4.0,14.9,3690.0,3.0,7.0,15,459,55,0
231,1712.0,89.0,71.0,4.0,119.9,17753.0,3.0,0.0,5,0,69,0
232,1796.0,50.0,71.0,37.0,99.9,18366.0,3.0,2.0,4,0,-1,0
233,121.0,50.0,47.0,0.0,79.9,4556.0,3.0,9.0,-1,438,55,0
234,1773.0,89.0,65.0,4.0,69.9,18435.0,3.0,9.0,4,0,54,0
235,1752.0,90.0,78.0,13.0,49.9,18606.0,3.0,1.0,1,14,63,0
236,1112.0,97.0,46.0,10.0,69.9,14623.0,3.0,6.0,5,0,74,0
237,1744.0,94.0,78.0,2.0,34.9,17589.0,3.0,1.0,4,0,61,0
238,1815.0,89.0,16.0,45.0,39.9,18614.0,3.0,7.0,2,0,85,0
239,170.0,98.0,47.0,2.0,19.9,4468.0,3.0,1.0,46,438,47,0
240,1753.0,89.0,78.0,2.0,16.9,18635.0,2.0,3.0,21,0,66,0
241,1703.0,92.0,17.0,19.0,69.9,16899.0,3.0,14.0,8,708,54,0
242,95.0,102.0,19.0,2.0,16.9,522.0,3.0,7.0,4,0,56,0
243,1789.0,97.0,78.0,4.0,59.9,17519.0,3.0,7.0,28,21,64,0
244,1754.0,89.0,71.0,4.0,59.9,19145.0,3.0,7.0,-1,0,-1,0
245,1738.0,90.0,46.0,19.0,59.9,17668.0,3.0,9.0,39,0,49,0
246,1222.0,46.0,17.0,0.0,159.9,14992.0,3.0,1.0,4,0,50,0
247,1762.0,90.0,17.0,45.0,24.9,19030.0,3.0,0.0,3,14,-1,0
248,67.0,96.0,70.0,2.0,19.9,7526.0,3.0,1.0,4,0,60,0
249,1872.0,50.0,19.0,37.0,129.9,18381.0,3.0,9.0,4,0,67,0
250,1809.0,89.0,46.0,4.0,79.9,17889.0,3.0,1.0,3,0,49,0
251,1134.0,96.0,21.0,10.0,69.9,14204.0,3.0,12.0,1,23,39,0
252,1889.0,92.0,47.0,45.0,24.9,18351.0,3.0,9.0,5,0,53,0
253,1750.0,94.0,70.0,4.0,79.9,17626.0,3.0,9.0,-1,0,51,0
254,1681.0,92.0,17.0,2.0,26.9,17586.0,3.0,0.0,22,33,49,0
255,1806.0,92.0,50.0,13.0,79.9,18519.0,3.0,5.0,-1,0,31,0
256,86.0,100.0,71.0,4.0,39.9,3802.0,3.0,7.0,-1,497,63,0
257,1762.0,89.0,17.0,45.0,24.9,17840.0,3.0,1.0,3,9,55,0
258,1742.0,89.0,71.0,2.0,59.9,19031.0,3.0,1.0,-1,0,47,0
259,1754.0,92.0,70.0,4.0,69.9,17885.0,3.0,1.0,3,0,-1,0
260,1134.0,96.0,46.0,10.0,69.9,14667.0,3.0,7.0,15,0,60,0
261,1682.0,90.0,47.0,2.0,29.9,17217.0,3.0,4.0,3,0,54,0
262,107.0,100.0,78.0,45.0,29.9,2814.0,3.0,0.0,4,470,58,0
263,1105.0,17.0,46.0,5.0,69.9,14088.0,3.0,1.0,-1,0,59,0
264,1766.0,94.0,17.0,10.0,89.9,17873.0,3.0,10.0,-1,0,60,0
265,1040.0,61.0,8.0,16.0,129.9,13729.0,3.0,9.0,14,22,64,0
266,1205.0,66.0,19.0,5.0,69.9,14932.0,3.0,9.0,-1,0,71,0
267,1738.0,92.0,78.0,19.0,59.9,18376.0,3.0,7.0,4,0,53,0
268,1773.0,96.0,63.0,4.0,69.9,17590.0,2.0,9.0,2,11,80,0
269,4.0,102.0,19.0,4.0,39.9,3811.0,3.0,3.0,2,487,55,0
270,1866.0,90.0,17.0,2.0,19.9,17754.0,3.0,1.0,26,0,62,0
271,86.0,96.0,21.0,4.0,79.9,4306.0,3.0,9.0,3,436,56,0
272,1930.0,92.0,65.0,4.0,79.9,18466.0,3.0,1.0,-1,0,78,0
273,1743.0,99.0,7.0,70.0,19.9,17118.0,3.0,7.0,40,11,55,0
274,1111.0,96.0,46.0,45.0,39.9,14587.0,3.0,9.0,3,0,57,0
275,1694.0,54.0,71.0,16.0,109.9,17408.0,3.0,0.0,3,0,64,0
276,117.0,97.0,16.0,5.0,49.9,6162.0,3.0,14.0,3,17,53,0
277,1773.0,96.0,78.0,4.0,69.9,17590.0,2.0,9.0,2,11,80,0
278,1766.0,94.0,17.0,10.0,89.9,19121.0,3.0,2.0,-1,0,38,0
279,1885.0,92.0,46.0,45.0,24.9,17783.0,3.0,7.0,4,0,58,0
280,80.0,46.0,19.0,37.0,89.9,4093.0,3.0,1.0,6,34,69,0
281,246.0,100.0,70.0,36.0,17.4,9433.0,3.0,1.0,4,0,62,0
282,118.0,54.0,17.0,42.0,89.9,6205.0,3.0,1.0,-1,0,47,0
283,1753.0,91.0,7.0,2.0,16.9,17545.0,3.0,6.0,2,0,86,0
284,143.0,40.0,76.0,6.0,4.4,4404.0,3.0,14.0,-1,497,46,0
285,37.0,98.0,19.0,24.0,49.9,4017.0,3.0,14.0,1,0,57,0
286,1767.0,92.0,65.0,10.0,79.9,18392.0,3.0,1.0,48,0,-1,0
287,1233.0,54.0,71.0,0.0,144.9,14829.0,3.0,0.0,-1,0,45,0
288,139.0,96.0,19.0,24.0,69.9,2777.0,3.0,9.0,-1,371,46,0
289,33.0,57.0,71.0,22.0,64.9,3811.0,3.0,3.0,2,529,55,0
290,1758.0,89.0,19.0,41.0,99.9,18751.0,3.0,0.0,3,0,-1,0
291,1852.0,91.0,17.0,2.0,49.9,17260.0,3.0,14.0,66,0,62,0
292,1876.0,92.0,60.0,4.0,79.9,18351.0,3.0,9.0,50,0,53,0
293,191.0,46.0,47.0,3.0,34.95,9398.0,3.0,1.0,23,0,47,0
294,2015.0,50.0,47.0,17.0,120.0,18515.0,3.0,9.0,25,0,48,0
295,1678.0,94.0,46.0,36.0,29.9,16999.0,3.0,15.0,2,16,72,0
296,206.0,97.0,47.0,48.0,89.9,4416.0,3.0,6.0,-1,439,49,0
297,1796.0,50.0,19.0,37.0,99.9,17750.0,3.0,7.0,5,0,-1,0
298,1691.0,92.0,71.0,2.0,21.9,11363.0,3.0,9.0,2,767,51,0
299,54.0,46.0,71.0,0.0,89.9,4108.0,3.0,7.0,5,0,45,0
300,136.0,100.0,19.0,45.0,19.9,831.0,3.0,0.0,1,504,58,0
301,1788.0,99.0,17.0,40.0,29.9,19129.0,3.0,0.0,7,0,-1,0
302,160.0,50.0,17.0,52.0,49.9,4004.0,3.0,1.0,3,5,51,0
303,1693.0,92.0,71.0,2.0,16.9,11346.0,3.0,7.0,3,711,56,0
304,200.0,54.0,17.0,24.0,59.9,923.0,3.0,9.0,5,441,58,0
305,122.0,99.0,62.0,29.0,6.95,862.0,3.0,7.0,1,414,50,0
306,1681.0,96.0,7.0,2.0,26.9,17015.0,3.0,7.0,1,14,58,0
307,1975.0,90.0,47.0,4.0,79.9,18546.0,3.0,5.0,2,0,-1,0
308,1681.0,94.0,78.0,2.0,29.9,17820.0,3.0,9.0,5,0,61,0
309,1773.0,94.0,21.0,4.0,69.9,18760.0,2.0,1.0,3,0,73,0
310,1011.0,100.0,47.0,19.0,139.9,12662.0,3.0,7.0,-1,0,53,0
311,253.0,97.0,47.0,4.0,69.9,2901.0,3.0,0.0,-1,352,69,0
312,1172.0,63.0,17.0,110.0,129.9,14731.0,3.0,1.0,-1,14,48,0
313,144.0,100.0,17.0,2.0,21.9,6019.0,3.0,10.0,1,498,61,0
314,1804.0,99.0,46.0,72.0,49.9,18502.0,2.0,14.0,4,0,-1,0
315,124.0,97.0,19.0,1.0,39.9,2686.0,3.0,1.0,3,423,66,0
316,1036.0,96.0,46.0,36.0,39.9,14237.0,3.0,10.0,35,0,-1,0
317,1043.0,98.0,74.0,48.0,99.9,14195.0,3.0,9.0,-1,0,-1,0
318,1681.0,92.0,17.0,2.0,26.9,17210.0,2.0,9.0,25,47,74,0
319,1794.0,50.0,17.0,3.0,69.95,17264.0,3.0,7.0,4,0,-1,0
320,1691.0,90.0,75.0,2.0,21.9,17812.0,3.0,12.0,35,0,52,0
321,1935.0,44.0,17.0,39.0,119.9,18400.0,3.0,1.0,4,0,55,0
322,1920.0,89.0,41.0,19.0,79.9,17789.0,2.0,1.0,-1,0,49,0
323,32.0,96.0,65.0,4.0,59.9,2583.0,3.0,10.0,-1,422,62,0
324,95.0,100.0,47.0,2.0,16.9,2833.0,3.0,7.0,11,424,55,0
325,1722.0,94.0,17.0,28.0,59.9,18362.0,3.0,6.0,3,14,70,0
326,180.0,96.0,39.0,24.0,69.9,872.0,3.0,2.0,1,385,71,0
327,194.0,81.0,63.0,56.0,94.9,2746.0,3.0,6.0,1,425,120,0
328,1720.0,91.0,46.0,2.0,49.9,17656.0,3.0,9.0,8,0,48,0
329,1745.0,66.0,69.0,29.0,29.95,18333.0,3.0,1.0,5,0,-1,0
330,177.0,102.0,39.0,4.0,79.9,2564.0,3.0,6.0,3,422,67,0
331,1738.0,92.0,18.0,19.0,59.9,17409.0,3.0,9.0,4,0,51,0
332,1754.0,89.0,46.0,4.0,69.9,19161.0,3.0,0.0,4,0,-1,0
333,1118.0,94.0,18.0,36.0,49.9,14839.0,3.0,2.0,-1,25,-1,0
334,201.0,96.0,16.0,36.0,34.9,4528.0,3.0,7.0,1,370,59,0
335,1773.0,89.0,7.0,4.0,69.9,19078.0,3.0,9.0,2,0,68,0
336,1876.0,89.0,78.0,4.0,79.9,17830.0,3.0,0.0,4,6,63,0
337,128.0,57.0,17.0,49.0,69.95,498.0,3.0,6.0,4,12,49,0
338,1681.0,92.0,17.0,2.0,26.9,18706.0,3.0,10.0,35,0,-1,0
339,1788.0,99.0,65.0,40.0,29.9,17278.0,3.0,0.0,59,0,64,0
340,184.0,100.0,8.0,2.0,21.9,2806.0,3.0,7.0,2,424,120,0
341,177.0,98.0,21.0,4.0,39.9,6057.0,3.0,8.0,1,533,57,0
342,83.0,100.0,19.0,4.0,59.9,7508.0,3.0,0.0,-1,0,76,0
343,1852.0,92.0,17.0,2.0,49.9,17835.0,3.0,1.0,39,5,85,0
344,1894.0,99.0,47.0,126.0,24.9,18534.0,3.0,10.0,2,0,78,0
345,41.0,96.0,70.0,27.0,59.9,3767.0,3.0,7.0,2,462,57,0
346,1849.0,92.0,47.0,30.0,89.9,17691.0,3.0,12.0,24,0,58,0
347,1035.0,97.0,16.0,2.0,29.9,14223.0,3.0,2.0,36,0,-1,0
348,1773.0,94.0,7.0,4.0,69.9,17537.0,3.0,1.0,-1,12,52,0
349,220.0,46.0,21.0,49.0,69.95,4455.0,3.0,12.0,-1,438,54,0
350,1701.0,46.0,68.0,40.0,49.9,16902.0,3.0,0.0,66,709,58,0
351,32.0,96.0,71.0,4.0,59.9,4191.0,3.0,0.0,-1,0,59,0
352,1804.0,99.0,46.0,72.0,49.9,18714.0,2.0,0.0,33,0,-1,0
353,1959.0,54.0,47.0,16.0,119.9,18450.0,3.0,9.0,2,17,60,0
354,1684.0,89.0,19.0,104.0,49.9,17467.0,3.0,7.0,3,0,44,0
355,1891.0,89.0,51.0,1.0,39.9,18522.0,3.0,9.0,2,0,-1,0
356,1857.0,89.0,46.0,2.0,59.9,17139.0,2.0,6.0,4,0,-1,0
357,133.0,100.0,19.0,32.0,14.9,871.0,3.0,7.0,1,489,55,0
358,1743.0,99.0,7.0,70.0,19.9,17099.0,3.0,7.0,52,0,49,0
359,1836.0,92.0,41.0,19.0,39.9,1423.0,3.0,10.0,57,760,71,0
360,1970.0,46.0,17.0,46.0,89.9,18453.0,3.0,1.0,4,6,-1,0
361,1912.0,99.0,46.0,4.0,14.9,18497.0,3.0,9.0,-1,0,39,0
362,50.0,98.0,60.0,4.0,69.9,3589.0,3.0,6.0,-1,430,51,0
363,1771.0,99.0,53.0,31.0,29.9,18576.0,2.0,1.0,2,0,45,0
364,79.0,50.0,66.0,25.0,79.9,4528.0,3.0,7.0,1,346,59,0
365,74.0,96.0,19.0,35.0,39.9,4525.0,3.0,7.0,45,439,61,0
366,81.0,100.0,46.0,4.0,69.9,1232.0,3.0,1.0,19,416,62,0
367,1811.0,89.0,7.0,35.0,129.9,17293.0,3.0,13.0,3,0,56,0
368,177.0,98.0,16.0,4.0,39.9,768.0,3.0,0.0,4,499,52,0
369,1189.0,100.0,76.0,41.0,99.9,14093.0,3.0,1.0,54,0,65,0
370,288.0,96.0,3.0,19.0,54.9,4844.0,3.0,0.0,2,0,-1,0
371,1856.0,89.0,39.0,2.0,34.9,17696.0,3.0,7.0,4,4,66,0
372,1693.0,89.0,46.0,2.0,16.9,17831.0,3.0,9.0,-1,0,61,0
373,1767.0,92.0,65.0,10.0,79.9,17081.0,3.0,0.0,93,47,55,0
374,1723.0,99.0,73.0,31.0,39.9,17410.0,3.0,1.0,14,0,-1,0
375,202.0,97.0,17.0,1.0,29.9,3679.0,3.0,14.0,-1,500,63,0
376,1694.0,50.0,78.0,16.0,109.9,17162.0,3.0,0.0,1,10,66,0
377,241.0,63.0,17.0,6.0,12.9,2902.0,3.0,0.0,1,364,44,0
378,1694.0,54.0,41.0,16.0,109.9,17867.0,3.0,10.0,4,0,62,0
379,1722.0,92.0,71.0,28.0,59.9,19021.0,3.0,1.0,3,3,53,0
380,38.0,54.0,71.0,25.0,59.9,7446.0,3.0,6.0,21,6,52,0
381,1738.0,89.0,78.0,19.0,59.9,18340.0,3.0,0.0,28,0,56,0
382,1691.0,92.0,65.0,2.0,21.9,17617.0,3.0,1.0,4,0,57,0
383,1724.0,53.0,19.0,3.0,79.95,17861.0,3.0,9.0,31,23,-1,0
384,1151.0,97.0,78.0,36.0,34.9,14057.0,3.0,3.0,-1,1,58,0
385,1191.0,63.0,63.0,5.0,59.9,14693.0,3.0,14.0,-1,0,54,0
386,1814.0,80.0,47.0,11.0,99.9,19120.0,3.0,5.0,5,0,-1,0
387,1681.0,90.0,78.0,2.0,29.9,17384.0,3.0,1.0,4,0,53,0
388,1844.0,94.0,78.0,4.0,79.9,19063.0,3.0,0.0,15,0,-1,0
389,1756.0,89.0,78.0,36.0,34.9,18742.0,3.0,6.0,11,0,-1,0
390,197.0,54.0,68.0,39.0,59.9,1012.0,3.0,10.0,4,498,67,0
391,67.0,102.0,17.0,2.0,19.9,4071.0,3.0,0.0,1,69,44,0
392,1721.0,54.0,46.0,0.0,89.9,19100.0,3.0,0.0,2,0,51,0
393,1731.0,94.0,16.0,13.0,89.9,18413.0,3.0,7.0,4,0,61,0
394,40.0,54.0,17.0,0.0,99.9,3681.0,3.0,1.0,-1,383,64,0
395,1753.0,92.0,46.0,2.0,16.9,17546.0,3.0,2.0,1,34,-1,0
396,26.0,77.0,56.0,18.0,79.9,2607.0,3.0,1.0,5,414,71,0
397,1717.0,66.0,47.0,71.0,129.9,17634.0,3.0,1.0,-1,0,64,0
398,60.0,100.0,17.0,27.0,59.9,3579.0,3.0,0.0,-1,470,52,0
399,178.0,96.0,71.0,35.0,59.9,7459.0,3.0,9.0,4,0,51,0
400,68.0,97.0,19.0,4.0,59.9,6177.0,3.0,6.0,4,0,67,0
401,1681.0,89.0,17.0,2.0,26.9,18642.0,3.0,9.0,22,13,-1,0
402,153.0,20.0,17.0,33.0,29.9,6221.0,3.0,1.0,4,42,66,0
403,121.0,54.0,47.0,0.0,59.9,2901.0,3.0,0.0,15,427,69,0
404,1759.0,69.0,19.0,13.0,69.9,17319.0,3.0,7.0,2,0,50,0
405,1805.0,54.0,19.0,37.0,99.9,16855.0,3.0,1.0,-1,707,36,0
406,1887.0,57.0,17.0,0.0,139.9,18666.0,3.0,9.0,8,0,76,0
407,1801.0,89.0,75.0,45.0,19.9,17292.0,2.0,9.0,-1,0,58,0
408,1233.0,59.0,17.0,0.0,144.9,14998.0,2.0,4.0,13,0,60,0
409,2125.0,59.0,21.0,44.0,119.9,18537.0,3.0,0.0,14,0,56,0
410,1711.0,90.0,70.0,4.0,89.9,19109.0,3.0,1.0,37,0,61,0
411,1323.0,57.0,21.0,37.0,149.9,188.0,3.0,6.0,3,556,48,0
412,1710.0,94.0,47.0,45.0,29.9,16970.0,3.0,6.0,3,0,68,0
413,1927.0,90.0,45.0,13.0,59.9,17819.0,3.0,10.0,5,0,56,0
414,1777.0,94.0,7.0,35.0,99.9,17626.0,3.0,9.0,-1,0,51,0
415,83.0,100.0,19.0,4.0,69.9,2825.0,3.0,9.0,-1,424,57,0
416,260.0,97.0,71.0,48.0,49.9,877.0,3.0,0.0,-1,473,60,0
417,154.0,99.0,70.0,31.0,0.0,4342.0,3.0,7.0,2,437,54,0
418,124.0,97.0,19.0,1.0,19.9,796.0,3.0,0.0,-1,514,55,0
419,253.0,98.0,78.0,4.0,69.9,4991.0,3.0,0.0,-1,7,43,0
420,121.0,44.0,17.0,0.0,39.9,3598.0,3.0,7.0,19,498,60,0
421,137.0,97.0,19.0,2.0,29.9,514.0,3.0,1.0,3,0,66,0
422,1681.0,92.0,65.0,2.0,26.9,17778.0,3.0,9.0,40,0,-1,0
423,109.0,54.0,56.0,0.0,89.9,7535.0,3.0,9.0,-1,0,52,0
424,1883.0,69.0,75.0,5.0,79.9,17847.0,3.0,1.0,12,0,59,0
425,1743.0,99.0,7.0,70.0,19.9,17208.0,3.0,9.0,-1,0,-1,0
426,48.0,66.0,73.0,10.0,69.9,6269.0,3.0,9.0,4,21,49,0
427,75.0,96.0,60.0,36.0,29.9,7397.0,3.0,6.0,7,19,48,0
428,1118.0,98.0,65.0,36.0,49.9,14815.0,3.0,0.0,46,0,45,0
429,268.0,59.0,3.0,49.0,79.95,2707.0,3.0,9.0,4,423,35,0
430,1824.0,63.0,51.0,8.0,89.9,19104.0,3.0,7.0,62,0,62,0
431,159.0,50.0,78.0,16.0,89.9,7463.0,3.0,10.0,-1,0,66,0
432,95.0,97.0,17.0,2.0,16.9,661.0,3.0,3.0,2,412,64,0
433,1754.0,96.0,70.0,4.0,59.9,19148.0,3.0,9.0,-1,0,60,0
434,53.0,102.0,39.0,29.0,32.95,1175.0,3.0,0.0,2,416,60,0
435,1797.0,50.0,71.0,6.0,8.9,16812.0,3.0,3.0,-1,615,57,0
436,238.0,46.0,46.0,39.0,79.9,2889.0,3.0,0.0,6,511,-1,0
437,2029.0,89.0,46.0,4.0,79.9,18494.0,3.0,9.0,3,0,54,0
438,1773.0,92.0,71.0,4.0,69.9,18521.0,3.0,6.0,11,18,60,0
439,1148.0,89.0,3.0,35.0,119.9,14207.0,3.0,9.0,7,24,54,0
440,1787.0,92.0,47.0,2.0,49.9,19170.0,3.0,1.0,38,0,-1,0
441,137.0,102.0,71.0,2.0,49.9,3857.0,3.0,4.0,4,0,57,0
442,93.0,102.0,17.0,30.0,49.9,2771.0,3.0,1.0,7,499,58,0
443,1634.0,100.0,62.0,32.0,59.9,14743.0,3.0,1.0,17,0,51,0
444,128.0,54.0,17.0,49.0,69.95,6168.0,3.0,2.0,1,35,65,0
445,1702.0,59.0,39.0,104.0,69.9,17721.0,2.0,7.0,3,0,71,0
446,197.0,50.0,47.0,39.0,59.9,9484.0,3.0,9.0,5,0,47,0
447,1691.0,90.0,78.0,2.0,21.9,17584.0,3.0,0.0,3,36,-1,0
448,58.0,99.0,47.0,31.0,19.9,3710.0,3.0,13.0,-1,409,41,0
449,220.0,50.0,21.0,49.0,69.95,2851.0,3.0,9.0,65,424,-1,0
450,1164.0,96.0,68.0,2.0,49.9,14871.0,3.0,0.0,-1,0,-1,0
451,252.0,57.0,60.0,11.0,69.9,1064.0,3.0,6.0,-1,493,54,0
452,1765.0,99.0,76.0,70.0,19.9,17593.0,3.0,0.0,22,4,65,0
453,1722.0,94.0,7.0,28.0,59.9,19115.0,3.0,6.0,58,0,65,0
454,1681.0,92.0,78.0,2.0,26.9,18691.0,3.0,12.0,-1,0,51,0
455,179.0,59.0,21.0,10.0,44.9,1094.0,3.0,9.0,-1,507,60,0
456,187.0,102.0,12.0,4.0,69.9,3730.0,3.0,14.0,-1,433,56,0
457,1882.0,44.0,71.0,23.0,99.9,18416.0,3.0,7.0,93,0,46,0
458,1762.0,94.0,65.0,45.0,24.9,17881.0,3.0,0.0,4,0,67,0
459,1794.0,46.0,47.0,3.0,69.95,19029.0,3.0,9.0,-1,0,54,0
460,1834.0,89.0,73.0,19.0,59.9,19123.0,3.0,9.0,25,0,66,0
461,1681.0,90.0,71.0,2.0,26.9,18703.0,3.0,6.0,47,0,61,0
462,1777.0,94.0,7.0,35.0,99.9,18278.0,3.0,7.0,2,0,55,0
463,1122.0,97.0,16.0,10.0,119.9,13695.0,3.0,0.0,2,0,57,0
464,238.0,50.0,70.0,39.0,99.9,336.0,3.0,7.0,26,310,51,1
465,54.0,54.0,19.0,0.0,89.9,445.0,3.0,7.0,30,34,39,1
466,56.0,96.0,68.0,2.0,34.9,562.0,3.0,1.0,4,0,77,1
467,505.0,41.0,21.0,10.0,39.9,620.0,3.0,0.0,4,115,50,1
468,107.0,96.0,19.0,45.0,39.9,656.0,3.0,14.0,1,374,61,1
469,692.0,50.0,19.0,15.0,119.9,877.0,3.0,0.0,34,414,60,1
470,409.0,50.0,17.0,26.0,13.95,643.0,3.0,5.0,3,415,65,1
471,217.0,98.0,56.0,2.0,34.9,1054.0,3.0,7.0,3,0,-1,1
472,234.0,52.0,3.0,11.0,99.9,1105.0,3.0,9.0,4,0,61,1
473,21.0,96.0,19.0,13.0,39.9,1196.0,3.0,7.0,3,415,66,1
474,50.0,100.0,21.0,4.0,69.9,1211.0,3.0,14.0,4,0,-1,1
475,204.0,100.0,33.0,4.0,69.9,1218.0,3.0,1.0,3,239,55,1
476,89.0,57.0,58.0,23.0,99.9,452.0,3.0,9.0,3,415,58,1
477,138.0,54.0,17.0,5.0,69.9,1235.0,3.0,9.0,2,416,53,1
478,182.0,50.0,60.0,54.0,149.9,1329.0,3.0,9.0,3,0,77,1
479,44.0,97.0,65.0,4.0,79.9,1396.0,3.0,0.0,6,0,-1,1
480,344.0,63.0,17.0,3.0,79.95,1475.0,3.0,1.0,32,0,-1,1
481,388.0,46.0,21.0,0.0,89.9,1881.0,3.0,6.0,4,168,58,1
482,395.0,100.0,19.0,32.0,24.9,1962.0,3.0,15.0,4,0,40,1
483,159.0,50.0,17.0,16.0,89.9,2021.0,3.0,1.0,3,0,-1,1
484,144.0,100.0,17.0,2.0,21.9,2102.0,3.0,10.0,2,419,60,1
485,217.0,102.0,47.0,2.0,34.9,799.0,3.0,9.0,3,88,-1,1
486,35.0,50.0,19.0,0.0,79.9,2483.0,3.0,9.0,34,0,71,1
487,106.0,59.0,46.0,11.0,89.9,2520.0,3.0,9.0,4,366,54,1
488,81.0,102.0,46.0,4.0,69.9,2558.0,3.0,6.0,3,422,58,1
489,520.0,98.0,17.0,1.0,39.9,2559.0,3.0,0.0,3,422,60,1
490,177.0,97.0,66.0,4.0,79.9,2860.0,3.0,7.0,4,317,62,1
491,176.0,54.0,69.0,16.0,109.9,2152.0,3.0,0.0,1,426,63,1
492,27.0,100.0,47.0,19.0,39.9,2299.0,3.0,14.0,5,202,65,1
493,548.0,100.0,19.0,19.0,69.9,3400.0,3.0,5.0,4,0,61,1
494,469.0,59.0,71.0,0.0,99.9,3498.0,3.0,0.0,5,429,56,1
495,107.0,96.0,47.0,45.0,39.9,3621.0,3.0,1.0,5,430,46,1
496,273.0,54.0,41.0,0.0,59.9,3623.0,3.0,6.0,15,431,62,1
497,108.0,46.0,3.0,0.0,119.9,3635.0,3.0,6.0,5,431,49,1
498,4.0,97.0,46.0,4.0,69.9,540.0,3.0,7.0,3,99,55,1
499,142.0,96.0,69.0,13.0,49.9,4042.0,3.0,9.0,6,0,67,1
500,68.0,100.0,21.0,4.0,59.9,4108.0,3.0,7.0,5,0,45,1
501,65.0,99.0,15.0,31.0,19.9,4226.0,3.0,5.0,5,0,60,1
502,97.0,102.0,46.0,27.0,89.9,4412.0,3.0,0.0,3,437,57,1
503,246.0,96.0,70.0,36.0,34.9,4491.0,3.0,1.0,2,179,55,1
504,162.0,50.0,60.0,46.0,89.9,4522.0,3.0,12.0,3,437,61,1
505,75.0,102.0,19.0,36.0,29.9,2757.0,3.0,9.0,12,437,59,1
506,135.0,46.0,19.0,37.0,109.9,3799.0,3.0,9.0,2,8,66,1
507,296.0,54.0,17.0,37.0,99.9,4780.0,3.0,6.0,3,0,42,1
508,233.0,97.0,17.0,19.0,119.9,469.0,3.0,9.0,19,31,63,1
509,73.0,46.0,17.0,23.0,69.9,4854.0,3.0,14.0,2,0,42,1
510,217.0,100.0,46.0,2.0,34.9,4954.0,3.0,0.0,1,442,55,1
511,147.0,77.0,21.0,18.0,59.9,736.0,3.0,3.0,2,399,55,1
512,356.0,96.0,71.0,4.0,59.9,5138.0,3.0,12.0,3,0,57,1
513,511.0,102.0,21.0,13.0,79.9,5269.0,3.0,9.0,3,0,56,1
514,31.0,100.0,8.0,2.0,21.9,3442.0,3.0,15.0,0,18,48,1
515,406.0,97.0,56.0,27.0,99.9,5389.0,3.0,9.0,5,82,-1,1
516,253.0,97.0,78.0,4.0,69.9,4991.0,3.0,0.0,4,7,43,1
517,328.0,102.0,70.0,4.0,69.9,4800.0,3.0,7.0,3,9,48,1
518,31.0,102.0,46.0,2.0,24.9,5563.0,3.0,1.0,3,450,68,1
519,184.0,98.0,17.0,2.0,24.9,5894.0,3.0,9.0,1,454,56,1
520,121.0,57.0,71.0,0.0,79.9,3922.0,3.0,9.0,1,22,71,1
521,547.0,97.0,78.0,55.0,39.9,6069.0,3.0,0.0,1,455,50,1
522,196.0,102.0,65.0,4.0,59.9,6199.0,3.0,0.0,5,0,56,1
523,9.0,63.0,65.0,8.0,139.9,6240.0,3.0,0.0,4,0,52,1
524,246.0,98.0,19.0,36.0,34.9,1078.0,3.0,1.0,2,458,53,1
525,162.0,44.0,17.0,46.0,89.9,6439.0,3.0,7.0,2,395,65,1
526,109.0,50.0,63.0,0.0,89.9,4421.0,3.0,9.0,32,0,-1,1
527,141.0,96.0,65.0,4.0,89.9,857.0,3.0,6.0,2,459,58,1
528,473.0,97.0,39.0,24.0,59.9,1319.0,3.0,0.0,3,44,46,1
529,176.0,46.0,17.0,16.0,109.9,6560.0,3.0,6.0,3,0,-1,1
530,702.0,41.0,17.0,23.0,79.9,6576.0,3.0,9.0,1,461,51,1
531,133.0,98.0,19.0,32.0,14.9,2137.0,3.0,1.0,1,106,51,1
532,315.0,100.0,19.0,45.0,29.9,6777.0,3.0,7.0,6,0,65,1
533,137.0,100.0,19.0,2.0,29.9,6229.0,3.0,1.0,1,73,53,1
534,388.0,59.0,17.0,0.0,89.9,5577.0,3.0,9.0,1,463,120,1
535,70.0,81.0,71.0,20.0,69.95,5316.0,3.0,7.0,4,93,50,1
536,413.0,46.0,19.0,24.0,69.9,6872.0,3.0,7.0,3,464,120,1
537,177.0,100.0,12.0,4.0,79.9,3305.0,3.0,0.0,4,37,46,1
538,807.0,46.0,46.0,97.0,149.9,601.0,3.0,0.0,2,466,56,1
539,173.0,53.0,19.0,3.0,89.95,7040.0,3.0,9.0,3,0,-1,1
540,233.0,100.0,17.0,19.0,119.9,1034.0,3.0,1.0,1,468,61,1
541,669.0,50.0,17.0,54.0,139.9,7134.0,2.0,7.0,4,0,51,1
542,491.0,96.0,16.0,2.0,59.9,3060.0,3.0,9.0,1,468,67,1
543,160.0,50.0,46.0,52.0,49.9,7192.0,3.0,12.0,3,468,48,1
544,224.0,96.0,71.0,24.0,39.9,2808.0,3.0,9.0,3,468,61,1
545,170.0,98.0,71.0,2.0,6.9,56.0,3.0,9.0,3,166,50,1
546,584.0,96.0,47.0,73.0,24.9,3288.0,3.0,9.0,2,113,60,1
547,52.0,63.0,47.0,29.0,19.9,4404.0,3.0,14.0,5,469,46,1
548,52.0,46.0,62.0,29.0,19.9,7538.0,3.0,7.0,3,0,49,1
549,483.0,100.0,47.0,55.0,49.9,7610.0,3.0,0.0,11,473,39,1
550,119.0,97.0,63.0,47.0,99.95,843.0,3.0,1.0,12,0,59,1
551,165.0,46.0,17.0,53.0,119.9,7952.0,3.0,9.0,6,0,-1,1
552,499.0,54.0,12.0,0.0,89.9,8015.0,3.0,9.0,5,76,59,1
553,209.0,97.0,71.0,28.0,59.9,8027.0,3.0,6.0,5,0,48,1
554,246.0,96.0,71.0,36.0,19.9,2733.0,3.0,10.0,3,123,54,1
555,419.0,97.0,32.0,2.0,14.9,7776.0,3.0,2.0,1,8,57,1
556,99.0,44.0,19.0,42.0,79.9,8495.0,3.0,1.0,4,0,54,1
557,83.0,97.0,71.0,4.0,59.9,8582.0,3.0,1.0,2,0,49,1
558,359.0,44.0,69.0,0.0,59.9,8609.0,3.0,10.0,2,0,55,1
559,366.0,80.0,72.0,47.0,49.95,8685.0,3.0,0.0,1,90,59,1
560,742.0,100.0,19.0,32.0,9.9,6279.0,3.0,9.0,4,110,57,1
561,580.0,86.0,19.0,18.0,89.9,7465.0,3.0,9.0,2,293,43,1
562,128.0,46.0,47.0,49.0,34.95,9055.0,3.0,1.0,2,496,58,1
563,21.0,96.0,70.0,13.0,19.9,3023.0,3.0,3.0,1,469,60,1
564,233.0,97.0,78.0,19.0,59.9,9271.0,3.0,2.0,2,497,59,1
565,623.0,44.0,21.0,16.0,59.9,9323.0,3.0,10.0,82,0,63,1
566,210.0,96.0,76.0,41.0,44.9,9303.0,3.0,9.0,21,48,56,1
567,603.0,46.0,65.0,15.0,74.9,9386.0,3.0,9.0,70,0,49,1
568,237.0,46.0,47.0,39.0,59.9,9390.0,3.0,7.0,20,0,46,1
569,21.0,98.0,47.0,13.0,19.9,3904.0,3.0,7.0,4,498,67,1
570,70.0,81.0,7.0,20.0,34.95,9508.0,3.0,9.0,5,498,59,1
571,152.0,102.0,17.0,4.0,44.9,6072.0,2.0,9.0,4,498,56,1
572,210.0,97.0,76.0,41.0,44.9,9559.0,3.0,3.0,4,0,50,1
573,104.0,59.0,71.0,44.0,49.9,6997.0,3.0,9.0,7,458,52,1
574,255.0,50.0,17.0,43.0,65.0,1458.0,3.0,1.0,4,499,53,1
575,186.0,54.0,19.0,52.0,39.9,2901.0,3.0,0.0,4,415,69,1
576,69.0,41.0,71.0,33.0,19.9,4307.0,3.0,7.0,2,501,66,1
577,115.0,96.0,17.0,4.0,49.9,6039.0,3.0,0.0,17,230,58,1
578,754.0,96.0,47.0,5.0,59.9,9862.0,3.0,9.0,3,0,60,1
579,153.0,22.0,17.0,33.0,29.9,8284.0,3.0,14.0,1,502,53,1
580,3.0,72.0,47.0,3.0,64.9,3739.0,3.0,3.0,31,502,56,1
581,811.0,46.0,17.0,0.0,99.9,9389.0,3.0,15.0,2,133,50,1
582,31.0,97.0,70.0,2.0,21.9,7797.0,3.0,5.0,1,29,61,1
583,275.0,46.0,21.0,0.0,89.9,2805.0,3.0,14.0,10,506,63,1
584,919.0,100.0,17.0,2.0,21.9,6470.0,3.0,9.0,13,47,56,1
585,151.0,96.0,78.0,32.0,17.9,7514.0,3.0,3.0,9,40,55,1
586,137.0,98.0,71.0,2.0,29.9,10260.0,3.0,9.0,7,139,54,1
587,386.0,100.0,17.0,13.0,49.9,10277.0,3.0,7.0,13,290,53,1
588,298.0,100.0,19.0,10.0,49.9,5424.0,3.0,9.0,5,511,53,1
589,397.0,97.0,19.0,45.0,29.9,6719.0,3.0,14.0,5,511,68,1
590,1301.0,99.0,16.0,10.0,49.9,10520.0,3.0,0.0,3,172,68,1
591,152.0,100.0,8.0,4.0,89.9,3750.0,3.0,3.0,1,523,44,1
592,1420.0,99.0,69.0,59.0,109.9,197.0,3.0,7.0,1,524,37,1
593,1030.0,100.0,46.0,19.0,99.9,10501.0,3.0,9.0,28,7,59,1
594,99.0,54.0,17.0,42.0,69.9,9915.0,3.0,0.0,4,25,43,1
595,262.0,57.0,21.0,52.0,29.9,10672.0,3.0,9.0,4,0,78,1
596,617.0,97.0,16.0,36.0,17.9,10732.0,2.0,1.0,12,0,29,1
597,720.0,63.0,73.0,10.0,49.9,10775.0,3.0,1.0,1,369,50,1
598,341.0,57.0,41.0,39.0,64.9,4661.0,2.0,0.0,1,533,54,1
599,931.0,96.0,71.0,2.0,21.9,10969.0,3.0,12.0,4,153,39,1
600,452.0,35.0,17.0,50.0,34.9,7298.0,3.0,8.0,3,66,47,1
601,63.0,57.0,21.0,17.0,79.9,10789.0,3.0,7.0,28,537,58,1
602,70.0,81.0,32.0,20.0,49.95,11121.0,3.0,7.0,2,0,-1,1
603,1246.0,102.0,19.0,104.0,49.9,728.0,3.0,1.0,1,537,120,1
604,1118.0,97.0,18.0,36.0,49.9,11153.0,3.0,9.0,1,537,55,1
605,922.0,96.0,7.0,2.0,19.9,11158.0,3.0,6.0,1,291,59,1
606,929.0,59.0,17.0,0.0,139.9,8424.0,3.0,14.0,2,262,54,1
607,1229.0,100.0,70.0,19.0,79.9,11169.0,2.0,7.0,17,0,51,1
608,985.0,100.0,39.0,1.0,49.9,1931.0,3.0,7.0,4,495,51,1
609,326.0,102.0,17.0,36.0,24.9,831.0,3.0,0.0,16,537,58,1
610,990.0,98.0,3.0,41.0,129.9,1625.0,3.0,1.0,3,538,60,1
611,1235.0,50.0,60.0,42.0,99.9,11218.0,3.0,9.0,2,530,71,1
612,1144.0,54.0,19.0,39.0,149.9,6055.0,3.0,1.0,1,363,51,1
613,1174.0,100.0,68.0,2.0,39.9,8527.0,3.0,9.0,4,346,120,1
614,520.0,100.0,17.0,1.0,24.9,8964.0,2.0,1.0,2,201,47,1
615,162.0,50.0,78.0,46.0,59.9,11355.0,3.0,15.0,5,0,60,1
616,958.0,102.0,16.0,2.0,59.9,1012.0,3.0,10.0,2,540,67,1
617,1201.0,97.0,17.0,94.0,49.9,5496.0,3.0,9.0,4,540,52,1
618,1085.0,102.0,60.0,4.0,109.9,10044.0,3.0,7.0,1,540,57,1
619,968.0,100.0,68.0,30.0,59.9,2175.0,3.0,1.0,10,168,58,1
620,1182.0,72.0,17.0,3.0,180.0,11515.0,3.0,1.0,2,350,49,1
621,949.0,102.0,47.0,28.0,59.9,3996.0,3.0,7.0,1,544,59,1
622,153.0,22.0,78.0,33.0,59.9,860.0,3.0,9.0,1,488,65,1
623,919.0,100.0,78.0,2.0,26.9,11348.0,3.0,0.0,1,545,72,1
624,1116.0,97.0,47.0,2.0,24.9,6073.0,3.0,0.0,2,0,56,1
625,964.0,59.0,19.0,6.0,19.9,11667.0,3.0,7.0,41,545,53,1
626,978.0,97.0,9.0,36.0,29.9,9217.0,3.0,9.0,1,546,62,1
627,1337.0,54.0,17.0,0.0,149.9,11765.0,3.0,0.0,3,548,56,1
628,1182.0,79.0,47.0,3.0,180.0,197.0,3.0,7.0,3,548,37,1
629,1142.0,63.0,17.0,73.0,119.9,9088.0,3.0,7.0,2,491,53,1
630,1110.0,63.0,19.0,33.0,59.9,1730.0,3.0,9.0,1,0,57,1
631,155.0,59.0,61.0,53.0,59.9,10207.0,3.0,9.0,1,45,-1,1
632,204.0,97.0,33.0,4.0,39.9,6275.0,3.0,1.0,1,169,36,1
633,141.0,100.0,66.0,4.0,49.9,12073.0,3.0,6.0,3,525,64,1
634,1110.0,54.0,33.0,33.0,59.9,12098.0,3.0,9.0,3,336,120,1
635,81.0,102.0,46.0,4.0,69.9,6163.0,3.0,6.0,3,556,64,1
636,372.0,50.0,71.0,52.0,39.9,12171.0,3.0,9.0,2,557,53,1
637,1116.0,97.0,47.0,2.0,24.9,12171.0,3.0,9.0,2,557,53,1
638,949.0,98.0,71.0,28.0,59.9,12213.0,2.0,7.0,2,0,-1,1
639,242.0,57.0,17.0,11.0,69.9,12283.0,3.0,12.0,5,560,58,1
640,140.0,97.0,47.0,48.0,49.9,4492.0,3.0,6.0,4,361,66,1
641,1035.0,98.0,46.0,2.0,29.9,12346.0,3.0,9.0,46,562,53,1
642,117.0,100.0,16.0,5.0,39.9,9923.0,2.0,10.0,3,60,47,1
643,1389.0,97.0,71.0,41.0,99.9,10955.0,3.0,0.0,4,6,45,1
644,8.0,82.0,19.0,3.0,89.9,11626.0,3.0,2.0,3,563,70,1
645,1035.0,96.0,60.0,2.0,29.9,7608.0,3.0,14.0,2,93,40,1
646,974.0,96.0,3.0,41.0,149.9,4656.0,3.0,0.0,75,567,55,1
647,1317.0,78.0,47.0,3.0,170.0,7097.0,3.0,6.0,1,568,53,1
648,1035.0,97.0,47.0,2.0,29.9,12688.0,3.0,1.0,47,217,56,1
649,1060.0,96.0,36.0,34.0,249.95,12710.0,3.0,7.0,3,0,37,1
650,1152.0,71.0,47.0,20.0,69.95,2719.0,3.0,9.0,2,0,49,1
651,1109.0,98.0,3.0,27.0,119.9,5209.0,3.0,7.0,48,574,61,1
652,113.0,50.0,17.0,42.0,79.9,7360.0,3.0,1.0,2,15,53,1
653,1037.0,78.0,47.0,18.0,89.9,12853.0,3.0,0.0,5,0,34,1
654,1123.0,98.0,46.0,41.0,99.9,9729.0,3.0,9.0,52,76,61,1
655,1023.0,97.0,68.0,2.0,49.9,2289.0,3.0,12.0,5,156,64,1
656,960.0,66.0,19.0,104.0,69.9,505.0,3.0,0.0,4,540,53,1
657,179.0,59.0,21.0,10.0,44.9,9780.0,3.0,6.0,4,196,60,1
658,958.0,100.0,71.0,2.0,59.9,13020.0,3.0,9.0,3,576,69,1
659,254.0,59.0,39.0,5.0,39.9,13049.0,3.0,2.0,3,0,65,1
660,823.0,59.0,60.0,16.0,169.9,13062.0,3.0,9.0,2,577,51,1
661,1376.0,96.0,76.0,41.0,69.9,13104.0,3.0,7.0,61,577,62,1
662,1047.0,54.0,47.0,0.0,169.9,12195.0,3.0,9.0,28,216,58,1
663,428.0,41.0,17.0,0.0,64.9,13135.0,3.0,15.0,4,0,-1,1
664,1035.0,96.0,16.0,2.0,29.9,4094.0,3.0,1.0,36,579,52,1
665,1595.0,61.0,78.0,26.0,4.5,13295.0,3.0,5.0,1,579,52,1
666,1361.0,102.0,33.0,104.0,59.9,10616.0,3.0,0.0,2,237,-1,1
667,593.0,46.0,21.0,52.0,39.9,13312.0,3.0,10.0,3,579,58,1
668,1394.0,59.0,17.0,25.0,159.9,13316.0,3.0,3.0,2,183,-1,1
669,1157.0,57.0,17.0,0.0,199.9,13387.0,3.0,0.0,1,580,61,1
670,934.0,54.0,19.0,0.0,149.9,184.0,3.0,0.0,2,172,59,1
671,25.0,46.0,46.0,17.0,79.9,13077.0,3.0,9.0,3,3,66,1
672,922.0,96.0,46.0,2.0,16.9,13455.0,3.0,1.0,72,309,56,1
673,1329.0,50.0,71.0,17.0,160.0,10760.0,3.0,1.0,8,356,43,1
674,1527.0,96.0,71.0,35.0,119.9,12761.0,3.0,9.0,5,582,51,1
675,1421.0,1.0,61.0,63.0,100.0,13558.0,3.0,7.0,11,439,50,1
676,1148.0,102.0,71.0,35.0,119.9,13567.0,3.0,9.0,4,0,-1,1
677,1021.0,102.0,68.0,36.0,26.9,5408.0,3.0,3.0,24,135,54,1
678,1111.0,96.0,70.0,45.0,39.9,8441.0,3.0,4.0,3,247,-1,1
679,1051.0,50.0,17.0,37.0,129.9,13703.0,3.0,10.0,3,0,53,1
680,1035.0,97.0,16.0,2.0,29.9,1016.0,3.0,7.0,27,172,56,1
681,217.0,97.0,8.0,2.0,14.9,13822.0,3.0,9.0,2,0,63,1
682,1329.0,54.0,71.0,17.0,160.0,13925.0,3.0,10.0,10,418,53,1
683,1002.0,96.0,21.0,35.0,79.9,1971.0,3.0,1.0,4,425,60,1
684,978.0,96.0,65.0,36.0,29.9,6601.0,3.0,0.0,5,345,56,1
685,1230.0,98.0,71.0,41.0,69.9,13985.0,3.0,3.0,66,0,49,1
686,1125.0,100.0,17.0,36.0,69.9,14030.0,3.0,9.0,25,0,50,1
687,1118.0,98.0,70.0,36.0,49.9,5266.0,3.0,5.0,5,224,45,1
688,1049.0,41.0,17.0,16.0,169.9,4694.0,3.0,1.0,10,157,65,1
689,1234.0,46.0,71.0,101.0,14.9,7767.0,3.0,10.0,-1,123,-1,1
690,391.0,41.0,68.0,10.0,39.9,9025.0,3.0,3.0,3,104,-1,1
691,1103.0,97.0,21.0,10.0,99.9,14189.0,3.0,7.0,43,0,56,1
692,1026.0,96.0,37.0,34.0,299.95,86.0,3.0,7.0,4,200,56,1
693,1066.0,54.0,46.0,0.0,159.9,12641.0,3.0,5.0,27,32,60,1
694,1035.0,100.0,46.0,2.0,29.9,14289.0,3.0,7.0,14,0,-1,1
695,1126.0,102.0,17.0,45.0,49.9,14574.0,3.0,9.0,3,0,40,1
696,1116.0,97.0,69.0,2.0,24.9,13663.0,3.0,0.0,0,609,40,1
697,1014.0,50.0,17.0,44.0,154.0,14622.0,3.0,9.0,13,0,45,1
698,1242.0,50.0,19.0,22.0,139.9,14629.0,3.0,2.0,2,230,62,1
699,1599.0,54.0,70.0,50.0,79.9,14704.0,3.0,9.0,4,7,59,1
700,1189.0,97.0,76.0,41.0,99.9,14709.0,3.0,9.0,38,0,67,1
701,120.0,44.0,19.0,42.0,69.9,9024.0,3.0,9.0,4,333,53,1
702,1070.0,54.0,21.0,37.0,149.9,14111.0,3.0,7.0,2,16,37,1
703,1246.0,97.0,33.0,104.0,49.9,14782.0,3.0,14.0,3,0,54,1
704,1192.0,96.0,17.0,35.0,119.9,14817.0,3.0,0.0,3,0,-1,1
705,141.0,96.0,17.0,4.0,49.9,13384.0,3.0,1.0,2,240,44,1
706,1324.0,59.0,63.0,73.0,89.9,2941.0,3.0,3.0,1,350,57,1
707,1205.0,46.0,71.0,5.0,69.9,2565.0,3.0,0.0,18,485,64,1
708,1191.0,41.0,19.0,5.0,59.9,15044.0,3.0,6.0,2,621,55,1
709,263.0,96.0,78.0,19.0,69.9,11256.0,3.0,2.0,2,621,58,1
710,1181.0,77.0,21.0,11.0,130.0,10849.0,3.0,9.0,1,90,50,1
711,1143.0,92.0,18.0,36.0,49.9,2641.0,3.0,0.0,2,323,41,1
712,1000.0,59.0,60.0,0.0,159.9,10077.0,3.0,1.0,83,486,54,1
713,928.0,54.0,70.0,53.0,119.9,7607.0,3.0,7.0,4,153,55,1
714,1555.0,90.0,78.0,65.0,69.9,15225.0,2.0,14.0,3,0,47,1
715,1316.0,50.0,17.0,0.0,149.9,9438.0,3.0,7.0,2,339,54,1
716,968.0,91.0,46.0,30.0,59.9,15259.0,3.0,3.0,3,0,51,1
717,823.0,46.0,3.0,16.0,169.9,6250.0,3.0,12.0,7,341,60,1
718,1023.0,89.0,69.0,2.0,49.9,601.0,3.0,0.0,1,631,56,1
719,1112.0,89.0,46.0,10.0,69.9,14859.0,3.0,7.0,1,635,49,1
720,1059.0,50.0,17.0,16.0,199.9,10007.0,3.0,0.0,2,635,53,1
721,1060.0,90.0,36.0,34.0,249.95,13039.0,3.0,5.0,2,281,55,1
722,1239.0,66.0,47.0,71.0,49.9,5880.0,3.0,1.0,0,255,59,1
723,1055.0,50.0,71.0,15.0,139.9,15422.0,3.0,7.0,2,390,72,1
724,1421.0,1.0,21.0,63.0,100.0,15194.0,3.0,1.0,3,305,62,1
725,1190.0,63.0,47.0,73.0,79.9,15444.0,3.0,12.0,4,0,55,1
726,1195.0,44.0,17.0,0.0,159.9,14960.0,3.0,14.0,31,7,57,1
727,1071.0,44.0,17.0,37.0,189.9,8921.0,3.0,9.0,3,642,58,1
728,1406.0,50.0,17.0,42.0,129.9,129.0,3.0,4.0,3,537,64,1
729,966.0,44.0,17.0,42.0,89.9,13835.0,3.0,1.0,1,643,56,1
730,263.0,90.0,78.0,19.0,69.9,15497.0,3.0,1.0,2,2,51,1
731,1122.0,89.0,16.0,10.0,119.9,15585.0,3.0,10.0,4,646,60,1
732,1156.0,59.0,21.0,42.0,119.9,14868.0,3.0,1.0,3,31,41,1
733,1288.0,99.0,47.0,101.0,16.9,3448.0,3.0,1.0,43,219,56,1
734,982.0,86.0,17.0,20.0,149.95,15645.0,3.0,1.0,1,0,63,1
735,1242.0,54.0,19.0,22.0,139.9,15207.0,2.0,12.0,9,356,52,1
736,1039.0,91.0,16.0,107.0,129.9,12583.0,3.0,9.0,1,83,55,1
737,1221.0,63.0,47.0,71.0,139.9,15668.0,3.0,0.0,2,0,53,1
738,1284.0,92.0,60.0,29.0,26.9,7861.0,3.0,9.0,3,393,65,1
739,242.0,57.0,17.0,11.0,69.9,3858.0,3.0,5.0,1,657,58,1
740,1501.0,54.0,17.0,44.0,140.0,8788.0,3.0,0.0,3,660,63,1
741,233.0,92.0,78.0,19.0,79.9,2714.0,3.0,2.0,3,446,53,1
742,1472.0,59.0,19.0,0.0,189.9,10293.0,3.0,11.0,4,661,56,1
743,1202.0,92.0,19.0,28.0,89.9,5318.0,3.0,9.0,1,663,120,1
744,1584.0,41.0,8.0,8.0,89.9,5982.0,3.0,9.0,3,209,50,1
745,1528.0,59.0,71.0,39.0,159.9,1953.0,3.0,2.0,2,87,52,1
746,960.0,63.0,19.0,104.0,69.9,15864.0,2.0,7.0,3,0,50,1
747,1340.0,81.0,17.0,11.0,140.0,13856.0,3.0,9.0,1,52,57,1
748,1334.0,92.0,16.0,47.0,209.0,9633.0,3.0,0.0,2,166,58,1
749,988.0,89.0,76.0,41.0,69.9,15931.0,3.0,12.0,2,668,52,1
750,1001.0,92.0,17.0,45.0,19.9,5607.0,2.0,6.0,2,669,53,1
751,1101.0,54.0,17.0,0.0,169.9,15049.0,3.0,2.0,3,49,-1,1
752,988.0,89.0,76.0,41.0,69.9,7683.0,3.0,9.0,3,333,58,1
753,1269.0,46.0,17.0,71.0,69.9,15258.0,3.0,0.0,2,43,30,1
754,1011.0,89.0,47.0,19.0,79.9,13725.0,3.0,9.0,1,85,60,1
755,1023.0,91.0,46.0,2.0,29.9,10843.0,3.0,2.0,2,138,58,1
756,1153.0,91.0,19.0,35.0,99.9,8245.0,3.0,9.0,11,674,64,1
757,1079.0,59.0,3.0,8.0,69.9,16058.0,3.0,14.0,11,328,57,1
758,1118.0,94.0,79.0,36.0,29.9,1932.0,3.0,9.0,9,342,59,1
759,1080.0,89.0,17.0,2.0,49.9,8465.0,3.0,9.0,2,683,52,1
760,1070.0,50.0,71.0,37.0,119.9,16181.0,3.0,1.0,2,0,57,1
761,1021.0,89.0,46.0,36.0,26.9,2969.0,3.0,9.0,1,532,40,1
762,1338.0,89.0,47.0,48.0,49.9,14889.0,3.0,1.0,1,455,62,1
763,1792.0,90.0,39.0,104.0,69.9,16238.0,3.0,9.0,5,0,57,1
764,1774.0,90.0,71.0,2.0,59.9,7780.0,3.0,0.0,17,688,46,1
765,1865.0,69.0,38.0,38.0,79.95,8258.0,3.0,9.0,3,688,55,1
766,1774.0,91.0,71.0,2.0,59.9,7021.0,3.0,8.0,15,224,41,1
767,1720.0,89.0,19.0,2.0,44.9,7762.0,3.0,9.0,28,217,53,1
768,1854.0,91.0,70.0,4.0,54.9,9358.0,3.0,7.0,7,691,55,1
769,1876.0,94.0,69.0,4.0,79.9,1496.0,3.0,15.0,5,693,48,1
770,2127.0,89.0,63.0,13.0,69.9,13960.0,3.0,1.0,5,102,54,1
771,2027.0,92.0,73.0,10.0,59.9,12306.0,3.0,5.0,12,693,42,1
772,1717.0,63.0,47.0,71.0,129.9,9145.0,3.0,1.0,64,694,64,1
773,1964.0,99.0,71.0,59.0,89.9,1015.0,3.0,14.0,5,357,63,1
774,1738.0,89.0,70.0,19.0,59.9,11427.0,3.0,9.0,4,695,61,1
775,2190.0,44.0,2.0,14.0,62.95,15442.0,3.0,7.0,73,56,52,1
776,1738.0,92.0,71.0,19.0,59.9,10587.0,3.0,12.0,4,613,50,1
777,1755.0,90.0,47.0,30.0,79.9,1269.0,3.0,9.0,46,280,49,1
778,986.0,57.0,17.0,0.0,109.9,12019.0,3.0,1.0,2,0,-1,1
779,1281.0,54.0,65.0,17.0,120.0,16547.0,3.0,7.0,2,0,-1,1
780,1871.0,46.0,17.0,43.0,135.0,16293.0,3.0,6.0,2,697,120,1
781,1962.0,59.0,17.0,0.0,129.9,14478.0,3.0,9.0,2,359,40,1
782,1816.0,96.0,71.0,35.0,119.9,11543.0,3.0,2.0,20,156,-1,1
783,1833.0,94.0,17.0,2.0,39.9,14060.0,3.0,7.0,6,105,59,1
784,1883.0,69.0,46.0,5.0,79.9,12242.0,3.0,0.0,70,140,49,1
785,1774.0,89.0,71.0,2.0,59.9,7196.0,3.0,7.0,100,574,54,1
786,1041.0,94.0,71.0,48.0,99.9,13497.0,2.0,9.0,2,700,69,1
787,1810.0,92.0,51.0,4.0,69.9,13194.0,3.0,10.0,5,0,46,1
788,2121.0,44.0,56.0,0.0,89.9,14333.0,3.0,14.0,4,701,57,1
789,1819.0,89.0,71.0,1.0,49.9,11517.0,3.0,4.0,4,417,51,1
790,1083.0,54.0,17.0,16.0,120.0,16688.0,3.0,9.0,5,0,-1,1
791,1785.0,90.0,7.0,19.0,59.9,5170.0,3.0,0.0,5,256,52,1
792,1753.0,90.0,68.0,2.0,16.9,16713.0,3.0,9.0,3,481,45,1
793,1702.0,66.0,39.0,104.0,69.9,16747.0,3.0,4.0,9,0,-1,1
794,2122.0,57.0,21.0,37.0,124.9,16759.0,3.0,1.0,39,703,61,1
795,1733.0,94.0,41.0,27.0,99.9,948.0,3.0,9.0,64,290,-1,1
796,1971.0,54.0,17.0,0.0,149.9,16788.0,3.0,0.0,3,704,44,1
797,1110.0,17.0,33.0,33.0,39.9,16791.0,3.0,6.0,3,0,55,1
798,1935.0,46.0,17.0,39.0,119.9,3333.0,3.0,7.0,2,277,55,1
799,1797.0,50.0,75.0,6.0,8.9,16812.0,3.0,3.0,22,615,57,1
800,1749.0,54.0,39.0,104.0,59.9,277.0,3.0,9.0,2,705,51,1
801,1744.0,96.0,46.0,2.0,39.9,14567.0,3.0,9.0,1,707,62,1
802,1681.0,92.0,46.0,2.0,26.9,7954.0,3.0,13.0,2,471,48,1
803,1845.0,92.0,15.0,10.0,89.9,10450.0,3.0,6.0,90,466,54,1
804,1725.0,52.0,47.0,3.0,89.95,16929.0,3.0,0.0,49,709,58,1
805,1761.0,90.0,45.0,27.0,129.9,16930.0,3.0,12.0,3,709,53,1
806,1244.0,50.0,68.0,39.0,84.0,8744.0,3.0,0.0,2,711,62,1
807,547.0,89.0,78.0,55.0,49.9,16965.0,3.0,1.0,2,711,120,1
808,1783.0,92.0,47.0,10.0,99.9,14900.0,3.0,7.0,3,96,49,1
809,2155.0,99.0,73.0,76.0,49.9,14377.0,3.0,2.0,2,488,58,1
810,949.0,90.0,63.0,28.0,39.9,5019.0,3.0,9.0,1,0,57,1
811,1905.0,92.0,17.0,4.0,79.9,16594.0,3.0,1.0,10,515,53,1
812,1654.0,100.0,47.0,55.0,79.9,1826.0,3.0,1.0,1,295,49,1
813,1681.0,89.0,78.0,2.0,29.9,17019.0,3.0,7.0,2,0,65,1
814,1828.0,89.0,63.0,35.0,99.9,8410.0,3.0,9.0,27,339,70,1
815,1847.0,89.0,17.0,13.0,89.9,6194.0,3.0,14.0,3,137,62,1
816,1702.0,69.0,39.0,104.0,69.9,15569.0,3.0,5.0,3,71,-1,1
817,2055.0,57.0,47.0,22.0,179.9,3910.0,3.0,7.0,30,678,71,1
818,1400.0,92.0,17.0,34.0,279.0,12463.0,3.0,9.0,1,714,54,1
819,2024.0,59.0,21.0,37.0,99.9,7056.0,3.0,15.0,1,714,-1,1
820,1809.0,92.0,71.0,4.0,79.9,17051.0,3.0,9.0,5,0,-1,1
821,901.0,33.0,61.0,68.0,44.9,16998.0,1.0,13.0,4,4,-1,1
822,1186.0,46.0,17.0,44.0,100.0,16412.0,3.0,9.0,3,716,63,1
823,1103.0,89.0,71.0,10.0,99.9,17093.0,3.0,7.0,4,0,-1,1
824,1773.0,94.0,46.0,4.0,69.9,17094.0,3.0,14.0,4,0,63,1
825,2151.0,54.0,17.0,56.0,89.9,12301.0,3.0,9.0,12,157,61,1
826,1791.0,92.0,39.0,4.0,74.9,13775.0,3.0,1.0,4,130,39,1
827,1807.0,90.0,78.0,4.0,79.9,108.0,3.0,13.0,15,254,57,1
828,1787.0,89.0,47.0,2.0,49.9,1392.0,3.0,14.0,2,511,49,1
829,959.0,97.0,68.0,2.0,19.9,13366.0,3.0,2.0,1,722,53,1
830,2025.0,57.0,21.0,16.0,129.9,2366.0,3.0,9.0,27,602,43,1
831,711.0,46.0,17.0,44.0,59.9,1063.0,3.0,15.0,3,91,46,1
832,439.0,89.0,78.0,13.0,34.9,17265.0,1.0,0.0,4,0,37,1
833,1837.0,54.0,75.0,97.0,249.9,17294.0,3.0,0.0,3,725,66,1
834,1783.0,94.0,47.0,10.0,99.9,11729.0,3.0,0.0,5,0,63,1
835,1891.0,97.0,68.0,1.0,39.9,17302.0,3.0,1.0,39,4,56,1
836,1921.0,89.0,17.0,19.0,39.9,17381.0,3.0,9.0,4,357,54,1
837,2009.0,54.0,46.0,0.0,139.9,17404.0,3.0,1.0,36,0,54,1
838,1740.0,94.0,65.0,45.0,24.9,2793.0,3.0,0.0,4,671,53,1
839,1681.0,91.0,46.0,2.0,26.9,14751.0,2.0,10.0,3,0,80,1
840,1481.0,54.0,17.0,50.0,49.9,9511.0,3.0,12.0,3,731,47,1
841,1946.0,54.0,17.0,62.0,119.9,1433.0,3.0,3.0,3,559,71,1
842,1681.0,89.0,75.0,2.0,29.9,17471.0,3.0,12.0,46,0,58,1
843,1767.0,94.0,65.0,10.0,79.9,11279.0,1.0,7.0,56,733,120,1
844,1691.0,94.0,46.0,2.0,21.9,16562.0,3.0,9.0,1,733,73,1
845,1689.0,90.0,70.0,4.0,69.9,17497.0,3.0,0.0,1,600,52,1
846,1691.0,92.0,71.0,2.0,21.9,17506.0,3.0,9.0,37,0,66,1
847,1702.0,69.0,19.0,104.0,69.9,17165.0,3.0,2.0,3,512,46,1
848,2014.0,54.0,46.0,25.0,89.9,4028.0,3.0,7.0,1,273,48,1
849,1777.0,91.0,7.0,35.0,99.9,17259.0,3.0,3.0,4,14,55,1
850,1694.0,57.0,41.0,16.0,109.9,17511.0,3.0,9.0,2,5,54,1
851,1673.0,89.0,46.0,2.0,21.9,8604.0,3.0,3.0,3,251,46,1
852,1342.0,44.0,17.0,0.0,109.9,13291.0,3.0,7.0,3,160,65,1
853,1720.0,92.0,19.0,2.0,44.9,17173.0,3.0,12.0,3,21,62,1
854,1684.0,91.0,19.0,104.0,49.9,17656.0,3.0,9.0,3,0,48,1
855,1810.0,91.0,78.0,4.0,69.9,17684.0,3.0,7.0,2,0,68,1
856,2134.0,46.0,68.0,128.0,59.9,5968.0,2.0,3.0,16,397,56,1
857,2223.0,44.0,17.0,47.0,49.95,17716.0,3.0,9.0,27,0,48,1
858,1734.0,92.0,46.0,4.0,59.9,10273.0,3.0,0.0,41,231,56,1
859,179.0,54.0,21.0,10.0,44.9,6482.0,3.0,15.0,2,742,63,1
860,1714.0,92.0,7.0,48.0,119.9,4841.0,3.0,9.0,1,743,51,1
861,1724.0,78.0,17.0,3.0,79.95,5461.0,3.0,1.0,35,743,66,1
862,1767.0,94.0,65.0,10.0,79.9,17810.0,3.0,0.0,46,0,-1,1
863,1927.0,89.0,19.0,13.0,49.9,17811.0,3.0,7.0,5,0,50,1
864,2232.0,59.0,9.0,142.0,109.0,10419.0,3.0,9.0,3,230,55,1
865,2241.0,16.0,19.0,38.0,79.95,17961.0,3.0,9.0,4,0,56,1
866,69.0,59.0,71.0,33.0,19.9,17970.0,3.0,6.0,3,0,68,1
867,1762.0,90.0,17.0,45.0,24.9,1490.0,3.0,1.0,9,746,57,1
868,1882.0,57.0,79.0,23.0,99.9,12520.0,3.0,1.0,53,488,46,1
869,1767.0,92.0,65.0,10.0,79.9,996.0,3.0,2.0,43,460,63,1
870,1924.0,72.0,71.0,56.0,99.9,18043.0,3.0,0.0,15,0,59,1
871,1718.0,59.0,17.0,23.0,119.9,18080.0,3.0,7.0,2,746,48,1
872,2095.0,57.0,46.0,37.0,109.9,13024.0,2.0,0.0,2,747,47,1
873,1833.0,89.0,46.0,2.0,34.9,3153.0,3.0,9.0,38,320,-1,1
874,1691.0,90.0,46.0,2.0,21.9,4777.0,3.0,1.0,57,308,59,1
875,1774.0,97.0,71.0,2.0,59.9,18209.0,3.0,14.0,69,748,52,1
876,2187.0,89.0,17.0,29.0,89.95,8364.0,3.0,7.0,1,749,57,1
877,1535.0,66.0,21.0,49.0,79.9,17807.0,3.0,9.0,6,5,33,1
878,1752.0,100.0,17.0,13.0,49.9,12534.0,3.0,1.0,34,183,53,1
879,1658.0,20.0,19.0,104.0,59.9,5648.0,3.0,0.0,1,113,63,1
880,1740.0,89.0,17.0,45.0,29.9,6633.0,3.0,0.0,2,288,-1,1
881,1768.0,63.0,21.0,5.0,79.9,18300.0,3.0,9.0,2,0,-1,1
882,1962.0,50.0,68.0,0.0,129.9,8555.0,3.0,0.0,3,751,39,1
883,1734.0,94.0,39.0,4.0,59.9,10321.0,3.0,10.0,32,751,72,1
884,1846.0,94.0,7.0,2.0,29.9,18369.0,3.0,6.0,4,0,48,1
885,1854.0,92.0,17.0,4.0,54.9,18394.0,3.0,9.0,2,378,55,1
886,1897.0,59.0,71.0,0.0,139.9,18438.0,3.0,0.0,12,0,-1,1
887,1804.0,99.0,46.0,72.0,49.9,18442.0,3.0,9.0,3,0,64,1
888,1747.0,89.0,17.0,45.0,34.9,2073.0,3.0,0.0,2,294,75,1
889,1877.0,53.0,19.0,106.0,79.95,18473.0,3.0,0.0,25,0,65,1
890,1927.0,89.0,68.0,13.0,59.9,3877.0,3.0,1.0,73,321,61,1
891,1836.0,97.0,41.0,19.0,39.9,30.0,3.0,10.0,58,753,69,1
892,1050.0,57.0,70.0,15.0,129.9,5872.0,3.0,9.0,2,301,50,1
893,1678.0,92.0,46.0,36.0,29.9,4751.0,3.0,9.0,15,699,56,1
894,2243.0,89.0,19.0,32.0,29.9,18518.0,3.0,2.0,25,0,-1,1
895,1726.0,81.0,63.0,20.0,69.95,17838.0,3.0,7.0,1,10,43,1
896,1882.0,59.0,6.0,23.0,99.9,10956.0,3.0,7.0,93,414,47,1
897,1927.0,92.0,19.0,13.0,49.9,18571.0,3.0,0.0,6,0,60,1
898,2021.0,46.0,47.0,128.0,79.9,18612.0,3.0,1.0,2,0,73,1
899,1807.0,90.0,78.0,4.0,79.9,18623.0,3.0,9.0,27,0,57,1
900,1690.0,91.0,7.0,2.0,24.9,18669.0,3.0,14.0,5,0,-1,1
901,2133.0,92.0,19.0,28.0,69.9,3168.0,3.0,8.0,4,638,48,1
902,1870.0,54.0,19.0,44.0,89.9,9511.0,3.0,12.0,3,758,47,1
903,1847.0,89.0,50.0,13.0,89.9,18690.0,3.0,0.0,4,0,-1,1
904,1684.0,94.0,19.0,104.0,49.9,8428.0,3.0,9.0,20,561,59,1
905,2132.0,38.0,47.0,50.0,69.9,3581.0,3.0,0.0,1,761,46,1
906,1756.0,94.0,71.0,36.0,34.9,9556.0,3.0,7.0,18,261,63,1
907,1711.0,89.0,39.0,4.0,89.9,18811.0,3.0,1.0,35,0,71,1
908,2232.0,44.0,19.0,142.0,109.0,12973.0,3.0,7.0,46,708,41,1
909,1988.0,54.0,47.0,23.0,79.9,8941.0,3.0,1.0,1,269,53,1
910,1806.0,90.0,50.0,13.0,79.9,2680.0,3.0,2.0,15,533,49,1
911,2074.0,44.0,17.0,42.0,99.9,18524.0,3.0,0.0,2,10,38,1
912,1693.0,94.0,69.0,2.0,16.9,11422.0,3.0,9.0,80,765,47,1
913,1970.0,46.0,26.0,46.0,89.9,563.0,3.0,1.0,2,766,58,1
914,1692.0,41.0,21.0,0.0,89.9,19011.0,3.0,0.0,44,524,64,1
915,1972.0,99.0,17.0,40.0,19.9,12601.0,3.0,0.0,3,766,57,1
916,1989.0,57.0,21.0,37.0,124.9,12822.0,3.0,1.0,16,194,55,1
917,1789.0,92.0,78.0,4.0,59.9,16113.0,3.0,9.0,16,767,62,1
918,1710.0,90.0,47.0,45.0,29.9,19030.0,3.0,0.0,3,14,-1,1
919,1658.0,46.0,39.0,104.0,59.9,734.0,3.0,10.0,2,767,52,1
920,1876.0,94.0,60.0,4.0,79.9,19064.0,3.0,9.0,46,0,52,1
921,1701.0,69.0,68.0,40.0,49.9,5520.0,3.0,9.0,1,327,58,1
922,58.0,99.0,8.0,31.0,9.9,12317.0,3.0,4.0,2,769,56,1
923,1718.0,59.0,69.0,23.0,119.9,4292.0,2.0,0.0,2,770,83,1
924,1783.0,89.0,47.0,10.0,99.9,7491.0,3.0,9.0,85,578,62,1
925,1875.0,44.0,16.0,39.0,129.9,1446.0,3.0,1.0,1,771,63,1
926,1720.0,89.0,46.0,2.0,49.9,19144.0,3.0,2.0,39,0,-1,1
927,2008.0,54.0,73.0,39.0,129.9,13495.0,3.0,1.0,4,773,57,1
